,postcode_area,electricity_demand (kWh),No cars,1 car,2 cars,3 cars,4+ cars,Total Cars,prop_1_car,Driving a car or van,Passenger in a car or van,Age 16 to 74 Total,prop_driving,overall_kWh,Detached,Semi-detached,Terraced,Total\ Accommodation type,off_street_households,prop_off_street,Private rented - Unit : Households,Owned - Unit : Households,Total\ Tenure - Unit : Households,prop_rent,prop_own,Age : Age 18 to 55 - Sex : Males - Unit : Persons,Age : Age 18 to 55 - Sex : Females - Unit : Persons,Age : Total\ Age - Sex : Total\ Sex - Unit : Persons,prop_males_18_55,prop_females_18_55,Level 4 qualifications and above,Total,prop_high_edu,Total income: Median,log_demand,log_supply,log_1_car,log_driving,log_off_street,log_rent,log_own,log_males_18_55,log_females_18_55,log_high_edu,log_median_income
0,NW,1864242,105232.0,88258.0,28502.0,5836.0,1753.0,170550.0,0.5174904720023453,66947.0,4690.0,443608.0,0.1509147716001515,10475.4,13577.0,40070.0,34029.0,229581.0,87676.0,0.381895714366607,70295.0,95422.0,229581.0,0.30618822986222727,0.4156354402150004,140817.0,143794.0,591625.0,0.23801732516374394,0.2430492288189309,192545.0,474854.0,0.40548252726101075,38200.0,14.438365094126887,9.256784930218783,-0.6587641656017792,-1.8910400280048696,11.381403480703243,-1.1835552358761139,-0.8779467485732165,-1.435411813154429,-1.4144912684274862,-0.902677495723697,10.550590794594667
1,BS,1759644,84929.0,172644.0,107881.0,23540.0,8768.0,497998.0,0.34667609106863884,281557.0,23349.0,691662.0,0.40707310796313806,11940.1,75762.0,118633.0,108560.0,397762.0,302955.0,0.7616489257395126,73936.0,258698.0,397762.0,0.18587999859212292,0.6503838979087997,195157.0,192911.0,939706.0,0.20767878464115372,0.20528867539421905,228083.0,766028.0,0.29774760191533467,26150.0,14.380622073827174,9.387657762120902,-1.0593643901094352,-0.8987624832253837,12.621339558610599,-1.6826539823394777,-0.43019247826779367,-1.5717626975581034,-1.5833381177343178,-1.2115091247998677,10.171604469493069
2,GL,1664838,38371.0,92263.0,67450.0,15953.0,6025.0,302091.0,0.305414593615831,170823.0,13510.0,380662.0,0.4487524365447562,5438.5,63982.0,76361.0,44674.0,220062.0,185017.0,0.8407494251619998,34440.0,153426.0,220062.0,0.15650134961965265,0.6971944270251111,104629.0,104707.0,519792.0,0.20129013143719027,0.20144019146119987,128899.0,425201.0,0.30314839334808713,26500.0,14.325238379365695,8.601258566533906,-1.1860851020877088,-0.8012839095681911,12.128202991730552,-1.8546906452713652,-0.36069095873438134,-1.6030079716951424,-1.6022627582238835,-1.1935328463363102,10.184900011974314
3,NE,1628380,171565.0,218692.0,104056.0,19189.0,5439.0,508660.0,0.4299374827979397,311194.0,34253.0,880486.0,0.3534343533003364,19747.0,71068.0,198107.0,144983.0,518941.0,414158.0,0.7980830190715322,70650.0,309383.0,518941.0,0.13614264434685253,0.5961814541537477,234375.0,239990.0,1183120.0,0.19809909392115763,0.2028450199472581,235933.0,976636.0,0.2415772099328716,24000.0,14.303096213540941,9.89075686005731,-0.8441154697065119,-1.0400575158403522,12.934002822512548,-1.9940520874191312,-0.5172102049751818,-1.6189878991338382,-1.5953130400512687,-1.4205661471188558,10.085809109330082
4,B,1618692,214860.0,289967.0,155751.0,33512.0,10962.0,750508.0,0.38636097150196935,461608.0,42371.0,1280719.0,0.3604287903903979,10674.6,113012.0,260241.0,183672.0,705052.0,556925.0,0.7899062764164912,105988.0,428908.0,705052.0,0.15032650074037093,0.6083352717246387,357078.0,364918.0,1791828.0,0.199281404241925,0.20365682420410888,320790.0,1407421.0,0.22792753554195938,23900.0,14.29712897367224,9.275622366668784,-0.950983187174852,-1.0204608718925006,13.230185859933075,-1.8949456788010262,-0.497029115242065,-1.6130373614757358,-1.591318935976477,-1.4787275271156184,10.081633737919603
5,RG,1480519,50255.0,128508.0,110079.0,25831.0,9827.0,470245.0,0.27327882274133697,267014.0,18489.0,590794.0,0.45195787364123535,11408.3,100363.0,87727.0,78426.0,324500.0,266516.0,0.8213127889060092,49256.0,221611.0,324500.0,0.1517904468412943,0.6829306625577812,176154.0,176205.0,805903.0,0.2185796553679537,0.2186429384181471,221954.0,643863.0,0.3447224021259181,29400.0,14.20790325994363,9.342096439643512,-1.297262676275663,-0.7941663034020586,12.493189558309309,-1.8852543485352355,-0.3813619435138201,-1.520604775420946,-1.5203152979257994,-1.065015817359549,10.288749953326773
6,GU,1390608,31716.0,92597.0,80462.0,20166.0,7992.0,349696.0,0.2647928486456808,191044.0,12668.0,428875.0,0.44545380355581465,7422.2,76363.0,67069.0,43251.0,232933.0,186683.0,0.80144505072274,33627.0,163868.0,232933.0,0.14436340063451722,0.7034984308792657,124363.0,124413.0,587906.0,0.21153551758274283,0.2116205651923947,164754.0,473612.0,0.34786703039618927,32100.0,14.145251619542918,8.91223078817206,-1.3288074619090418,-0.8086617331701232,12.13716727021532,-1.9354215428590862,-0.3516896328789858,-1.5533623627614768,-1.5529603947205626,-1.0559349687878292,10.376611309118108
7,SE,1379167,210566.0,174336.0,43041.0,7666.0,2220.0,293430.0,0.5941314793988345,114227.0,7233.0,789888.0,0.14461164114406094,15532.5,14537.0,60861.0,110669.0,437829.0,186067.0,0.42497641773386413,99132.0,178301.0,437829.0,0.2264171628649541,0.4072388992049407,258346.0,262202.0,1051363.0,0.24572483528524403,0.2493924553175259,312088.0,836436.0,0.37311641297122555,31000.0,14.13699025169116,9.650689881937849,-0.5206546383235734,-1.9337034666606812,12.133862102887235,-1.4853761278189737,-0.8983552898090174,-1.4035429248511906,-1.3887274975268775,-0.9858648089125532,10.341742483467284
8,MK,1343774,34232.0,77240.0,54868.0,12404.0,4363.0,243726.0,0.3169132550487022,150529.0,13887.0,334014.0,0.45066673851994227,19219.1,52505.0,56842.0,45623.0,183107.0,154970.0,0.8463357490429093,29766.0,114103.0,183107.0,0.1625606885591485,0.6231493061434025,99321.0,100938.0,458484.0,0.2166291517261235,0.22015599235742142,102398.0,361416.0,0.2833244792704252,27000.0,14.11099263116373,9.863659855205217,-1.149127185931526,-0.7970271516096084,11.95098682878138,-1.8167038788778824,-0.4729691321767877,-1.5295683656314722,-1.5134189277212389,-1.261162468287958,10.203592144986466
9,EH,1247443,126088.0,160378.0,70156.0,12167.0,3524.0,352880.0,0.4544831104058037,263302.0,25526.0,517060.0,0.5092291030054539,5676.0,56234.0,68029.0,70002.0,372313.0,194265.0,0.5217787184438899,63331.0,228583.0,372313.0,0.17010150061910276,0.6139538506579142,222132.0,229331.0,827475.0,0.26844557237378774,0.27714553309767664,231946.0,687304.0,0.3374722102592157,25100.0,14.036606414181163,8.644002038279933,-0.7885945268783983,-0.6748572595616437,12.176978485325797,-1.7713599576374428,-0.4878355154547119,-1.315107095548931,-1.2832125205196099,-1.0862721120323684,10.130623125119875
10,SO,1203011,55098.0,126881.0,93584.0,22381.0,8565.0,419253.0,0.3026358785745123,232412.0,18624.0,541604.0,0.42911795333860164,6708.5,99408.0,77247.0,60530.0,306509.0,237185.0,0.7738271959387816,49694.0,203072.0,306509.0,0.1621290076310973,0.6625319321781742,144686.0,145835.0,737629.0,0.19615009713555187,0.1977077907728682,181055.0,606057.0,0.29874252751803876,27200.0,14.00033813872216,8.811130658030526,-1.1952249169945006,-0.8460234483385789,12.376595706332084,-1.819362917261088,-0.41168652276909384,-1.6288751111161355,-1.6209651425366403,-1.2081731885411546,10.210972252284089
11,OX,1133167,46072.0,110837.0,84370.0,20793.0,8255.0,379195.0,0.2922955207742718,204190.0,15204.0,501655.0,0.40703272169120214,11052.1,80236.0,88121.0,60492.0,270327.0,228849.0,0.8465636062990378,45485.0,179045.0,270327.0,0.16825918239761475,0.6623274774624807,139425.0,141237.0,678379.0,0.2055267040990361,0.20819777734865025,193304.0,553005.0,0.3495519932007848,29300.0,13.940526925441404,9.310375734138457,-1.2299899310525815,-0.8988616994955488,12.340817676397782,-1.7822497360320102,-0.41199516641207784,-1.5821793065342749,-1.5692667984170892,-1.051102963849627,10.285342795005159
12,E,1117034,166311.0,113990.0,25072.0,4471.0,1237.0,183237.0,0.622090516653296,74518.0,5268.0,631545.0,0.11799317546651465,10734.2,12812.0,29754.0,83467.0,311081.0,126033.0,0.40514528370424424,93111.0,107587.0,311081.0,0.2993143264937428,0.34584883036893926,216599.0,199031.0,842217.0,0.2571771883018272,0.23631795606120512,226926.0,661667.0,0.34296103629166935,28900.0,13.926187516263113,9.281190184946276,-0.47466967166464674,-2.137128491218519,11.744299056404454,-1.2062609986010215,-1.0617535058439964,-1.3579899830022082,-1.4425771092665773,-1.0701384350860947,10.271596874100524
13,NG,1110047,136833.0,225454.0,132931.0,27015.0,8619.0,610908.0,0.36904738520366404,363380.0,31984.0,929704.0,0.39085558414291,17353.0,168119.0,191121.0,103598.0,530852.0,462838.0,0.8718776608169508,84439.0,345701.0,530852.0,0.15906316638159035,0.6512191721986542,252232.0,252230.0,1254309.0,0.20109239429837464,0.20109079979494687,242011.0,1026024.0,0.23587265015243308,24250.0,13.919912914734448,9.761520681090504,-0.9968302280000527,-0.9394171372414224,13.045132379833241,-1.8384538828136756,-0.42890902339019443,-1.6039908034141457,-1.6039987326536127,-1.4444632376008817,10.096171896365629
14,N,1107323,191864.0,145246.0,40749.0,8092.0,2567.0,262471.0,0.5533792304673659,104209.0,6197.0,722279.0,0.1442780421416101,8312.1,16644.0,50901.0,85659.0,388518.0,153204.0,0.39432922026778683,108615.0,159936.0,388518.0,0.27956233688014454,0.41165660278288263,236432.0,239130.0,956330.0,0.24722846716091726,0.25004966904729536,309024.0,766367.0,0.40323239387917276,32350.0,13.917455948715851,9.025467563505538,-0.5917117431117694,-1.9360129928918635,11.93952564560835,-1.2745299812718442,-0.887565765568251,-1.3974424016108729,-1.3860957046642095,-0.9082422234899867,10.384369299929046
15,W,1083044,146866.0,105323.0,25383.0,4003.0,1271.0,173951.0,0.605475105058321,57314.0,3397.0,500180.0,0.11458674877044264,19540.3,7284.0,24327.0,45267.0,282846.0,76878.0,0.2718016164273138,94911.0,105904.0,282846.0,0.33555715831229715,0.374422830798385,168557.0,166156.0,639111.0,0.2637366592031744,0.25997987829970065,255678.0,530024.0,0.48238947670294174,37850.0,13.89528615304334,9.880234278600717,-0.5017418315190757,-2.166423111662563,11.249975028737632,-1.0919629695334725,-0.9823695565413451,-1.3328041766913257,-1.3471510421164568,-0.7290034482703222,10.541386258865595
16,TN,1060544,58051.0,146464.0,110736.0,29369.0,12594.0,513119.0,0.28543866042769805,245115.0,18007.0,612808.0,0.3999866189736426,4722.6,125849.0,101644.0,65729.0,357214.0,293222.0,0.8208580850694541,52450.0,253071.0,357214.0,0.14683075131433818,0.7084576752310939,160103.0,167058.0,856508.0,0.18692528265935637,0.19504546367342745,200050.0,693703.0,0.28837989744890824,25300.0,13.874292541989465,8.460114774376459,-1.2537281226098496,-0.9163241849995981,12.588685280286128,-1.918474707120987,-0.34466496019461546,-1.677046299943462,-1.6345226005497207,-1.2434765797146703,10.138559674715612
17,CV,1051348,78391.0,135406.0,85017.0,18587.0,6319.0,389323.0,0.3477986145180223,236503.0,24719.0,571511.0,0.4138205563847415,15980.1,65336.0,102258.0,101001.0,323720.0,268595.0,0.8297139503274434,54930.0,213361.0,323720.0,0.16968367725194614,0.6590911899172124,157122.0,156560.0,777686.0,0.2020378404651749,0.2013151837631126,165773.0,630933.0,0.2627426366983499,25600.0,13.8655837082787,9.679099477122964,-1.0561316606293416,-0.8823228378027205,12.500959947857059,-1.773819297272972,-0.41689337785059016,-1.5993002700893058,-1.6028835206508625,-1.3365802936012003,10.150347630467653
18,DD,1045111,42068.0,53474.0,24995.0,5043.0,1585.0,125766.0,0.4251864573891195,164485.0,18283.0,271859.0,0.6050379056790468,3652.0,27077.0,32433.0,18545.0,127165.0,78055.0,0.6138088310462785,19210.0,73303.0,127165.0,0.1510635788149255,0.5764400581921126,68199.0,71599.0,278374.0,0.24499055227858924,0.25720433661189623,57569.0,231539.0,0.24863629885246114,24900.0,13.859633657835788,8.20303024171486,-0.855227483000118,-0.502464168899023,11.265168985390767,-1.890054479030155,-0.5508839200611232,-1.4065356313091553,-1.3578844259058533,-1.391764097481289,10.1226230824528
19,S,1020081,168888.0,253767.0,138450.0,27731.0,8558.0,651832.0,0.3893135040930792,401151.0,41127.0,1038042.0,0.38644968122677115,9400.6,125460.0,253345.0,137274.0,597394.0,516079.0,0.8638838019799329,79036.0,375101.0,597394.0,0.132301295292554,0.6278954927568741,278451.0,279750.0,1404991.0,0.19818703465004403,0.1991115957326417,245071.0,1148637.0,0.2133580931138384,23600.0,13.835392593872212,9.148528796008295,-0.9433703368268915,-0.950753610305335,13.154015133520167,-2.0226734173380736,-0.4653815391696114,-1.6185440747151183,-1.6138898288613448,-1.5447833365600232,10.069001991013701
20,CM,1006020,39109.0,98714.0,73382.0,17695.0,6969.0,329542.0,0.2995490711350905,172330.0,12883.0,412648.0,0.41761986002597856,3580.1,65585.0,69935.0,59019.0,235869.0,194539.0,0.8247756169738287,28942.0,165744.0,235869.0,0.12270370417477498,0.7026951400989533,116346.0,119983.0,568088.0,0.20480277703454394,0.21120495416203122,120921.0,458406.0,0.2637858143218021,28800.0,13.82151251015991,8.183146011965523,-1.2054770313246774,-0.8731836860110581,12.178387936079183,-2.0979827388474743,-0.3528321368475291,-1.5857078261697326,-1.5549262702185593,-1.332617814512511,10.268130666124037
21,RH,1001407,34661.0,98896.0,78460.0,19792.0,8251.0,352565.0,0.2805043041708621,180992.0,12253.0,420914.0,0.4299975767021292,4363.4,76584.0,65551.0,49269.0,240060.0,191404.0,0.7973173373323336,31475.0,169400.0,240060.0,0.13111305506956594,0.7056569191035574,118878.0,122989.0,585552.0,0.203018690056562,0.21003941579910923,151089.0,471346.0,0.3205479626431539,27600.0,13.816916569067251,8.381006848957924,-1.2711662094994594,-0.8439757058868527,12.162141656424206,-2.031695312166788,-0.34862610987924464,-1.5944572349343147,-1.5604600715955637,-1.1377233643851543,10.225571051705241
22,LE,998563,87090.0,163660.0,109205.0,24408.0,8233.0,491848.0,0.3327450757144484,300387.0,27854.0,724746.0,0.41447210470978796,5535.0,111727.0,147362.0,82952.0,392596.0,342041.0,0.8712289478242264,60245.0,264578.0,392596.0,0.15345291342754383,0.6739192452291923,196233.0,198501.0,985438.0,0.1991327714173799,0.20143428607380678,196401.0,797909.0,0.2461446104756307,26700.0,13.814072524489587,8.618846845142738,-1.1003786205708939,-0.8807496053209294,12.74268589190028,-1.8743615119282082,-0.39464498944813603,-1.6137834836798188,-1.602292074488491,-1.4018360683024969,10.19241884438834
23,KT,948848,31529.0,80864.0,55839.0,13360.0,4964.0,254648.0,0.3175520718796142,117460.0,6551.0,334863.0,0.35077031502435324,5219.8,47989.0,57518.0,30502.0,186556.0,136009.0,0.7290518664636891,29807.0,132912.0,186556.0,0.1597750809408435,0.7124509530650314,97143.0,100642.0,462969.0,0.20982614386708398,0.2173838853141355,145092.0,371567.0,0.3904867762745346,32950.0,13.76300389616518,8.560214365966432,-1.1471134681768467,-1.0476236428618193,11.820476338999212,-1.833988196853252,-0.33904420701222654,-1.5614759774990503,-1.5260904316323842,-0.9403611738493151,10.402746539930654
24,G,924058,212003.0,210930.0,92784.0,16487.0,4539.0,465931.0,0.45270651663014483,382216.0,40817.0,706213.0,0.5412191505962082,8052.4,66261.0,97707.0,90962.0,536743.0,254930.0,0.4749572886837835,66465.0,309729.0,536743.0,0.12383021296970803,0.5770527049258211,305550.0,320640.0,1174317.0,0.2601937977564831,0.27304382036536984,252793.0,972337.0,0.2599849640608143,26800.0,13.736530119216603,8.993725462624674,-0.7925112296136906,-0.6139309978787966,12.44874427665193,-2.088843901901097,-0.5498216736198712,-1.3463285496348536,-1.2981229825193328,-1.347131480174189,10.196157166498947
25,BA,915919,29991.0,64189.0,39203.0,8518.0,3108.0,182077.0,0.3525376626372359,98732.0,9174.0,249949.0,0.39500858175067716,3482.2,33480.0,43963.0,41157.0,145009.0,118600.0,0.8178802695005137,25156.0,95498.0,145009.0,0.1734788875173265,0.6585660200401354,65813.0,67216.0,341819.0,0.1925375710536863,0.19664208250565357,80357.0,279424.0,0.2875808806688044,25300.0,13.727683211798688,8.155419556932499,-1.042597818076313,-0.9288477883659388,11.683511765545763,-1.751699372778636,-0.4176905046008808,-1.647463969993461,-1.6263700427727,-1.2462511342435203,10.138559674715612
26,PO,876872,83395.0,157460.0,89629.0,20343.0,7091.0,429550.0,0.36656966592946105,233478.0,21136.0,605075.0,0.3858662149320332,5832.9,86356.0,90376.0,96253.0,357918.0,272985.0,0.7627026302113892,60945.0,238354.0,357918.0,0.17027643203191792,0.6659458311680329,156913.0,159275.0,832218.0,0.18854795257973272,0.19138615122479927,170062.0,688220.0,0.24710412368138096,25000.0,13.684116308592811,8.67126958276989,-1.0035666913277443,-0.9522645630350232,12.517172127602617,-1.7703320917775494,-0.4065469463321177,-1.6684029141023988,-1.6534621577283823,-1.397945477816902,10.126631103850338
27,HA,854960,25886.0,46650.0,27353.0,6637.0,1974.0,129831.0,0.3593132610855651,62314.0,3670.0,227151.0,0.2743285303608613,2867.9,14059.0,44609.0,18328.0,108500.0,76996.0,0.7096405529953917,23043.0,71579.0,108500.0,0.2123778801843318,0.6597142857142857,67199.0,68101.0,309599.0,0.21705173466322567,0.21996518076608776,91013.0,247799.0,0.3672855822662723,28100.0,13.65880996319878,7.9613353336081385,-1.0235606774291814,-1.2934288749240297,11.251508751434526,-1.5493881372958598,-0.4159484381230097,-1.527619545270195,-1.5142860144007297,-1.001615580217792,10.243524855321837
28,M,853285,164462.0,194955.0,81832.0,13475.0,3628.0,415033.0,0.46973373201649027,269563.0,26571.0,810759.0,0.3324822789509583,8326.9,39086.0,171075.0,131505.0,458352.0,341666.0,0.7454227318741927,95658.0,236549.0,458352.0,0.20869986386009007,0.5160858903201033,235748.0,231492.0,1088054.0,0.21666939324702633,0.21275782268159485,226586.0,875920.0,0.25868344141017446,24050.0,13.656848885558494,9.027246517036772,-0.7555892724399317,-1.1011687166946267,12.74158893066512,-1.5668581172226732,-0.6614820732437949,-1.5293826206227,-1.547600742843432,-1.3521501987572209,10.087890275533907
29,HP,852609,26089.0,66553.0,53570.0,12320.0,4720.0,231694.0,0.2872452458846582,129252.0,9706.0,291686.0,0.4431203417373477,3908.9,41249.0,48324.0,40083.0,163252.0,129656.0,0.7942077279298263,22014.0,110128.0,163252.0,0.13484674000931077,0.6745889790017886,85063.0,85999.0,406406.0,0.20930547285227089,0.2116085884558791,104470.0,322435.0,0.3240032874842992,31100.0,13.65605633920405,8.27101128347545,-1.2474189128352862,-0.8139138940503561,11.772640068337955,-2.0036164046288407,-0.3936516935740326,-1.5639605015095472,-1.5530169916558898,-1.1270016166848047,10.344963098167325
30,BH,851225,43688.0,97923.0,61153.0,14472.0,5474.0,288075.0,0.33992189533975525,152963.0,11929.0,365289.0,0.4187451579434366,5961.5,89401.0,38742.0,24276.0,222710.0,152419.0,0.6843832787032463,43156.0,150516.0,222710.0,0.1937766602307934,0.6758385344169547,96823.0,95535.0,505289.0,0.19161905365048518,0.18907001735640397,110428.0,424028.0,0.2604261982699256,25500.0,13.65443176743897,8.693077406246188,-1.0790394073504714,-0.8704927590298657,11.934388586379796,-1.6410490190236644,-0.3918010858822202,-1.6522459734497954,-1.665637870323478,-1.3454357659129346,10.146433731146518
31,SW,849448,190813.0,166122.0,41501.0,7051.0,2183.0,280391.0,0.592465521361242,87785.0,5076.0,746200.0,0.11764272313052801,22474.3,13926.0,40614.0,96913.0,407670.0,151453.0,0.3715088184070449,122608.0,180983.0,407670.0,0.3007530600730983,0.4439448573601197,255111.0,257884.0,958031.0,0.2662867903021927,0.2691812686645839,386217.0,789642.0,0.4891039230436071,38900.0,13.652342005742636,10.020127713137319,-0.5234625994614313,-2.1401030175658855,11.92803062477686,-1.2014657493724674,-0.8120549193976322,-1.3231813919656634,-1.312370265116183,-0.7151802905252043,10.568749529606537
32,BN,849191,91442.0,144323.0,68244.0,13618.0,4581.0,342124.0,0.4218441266909074,177714.0,15571.0,528450.0,0.3362929321600908,6163.6,64222.0,77739.0,68677.0,322208.0,210638.0,0.6537329923527659,68229.0,207862.0,322208.0,0.211754518820141,0.6451174396663025,144237.0,146251.0,722962.0,0.19950841123046578,0.20229417313773063,175803.0,601640.0,0.29220630277242204,26550.0,13.652039410544997,8.7264163014077,-0.8631194012103243,-1.089772676929879,12.257896299252346,-1.552327605322818,-0.43832290175835065,-1.6118988819847728,-1.598032338299227,-1.2302952098351223,10.186785026670085
33,PE,839726,73700.0,189279.0,130009.0,30691.0,11664.0,594345.0,0.31846654720743,333337.0,32277.0,757745.0,0.4399065648734073,6980.5,189341.0,131706.0,71301.0,435343.0,392348.0,0.9012387933192908,66862.0,297216.0,435343.0,0.15358464475137995,0.6827168462568596,201881.0,205921.0,1041483.0,0.1938399378578431,0.19771902181792694,181302.0,850580.0,0.2131510263584848,23700.0,13.64083092713162,8.850875826428704,-1.1442378418019603,-0.8211929271802656,12.87990448005314,-1.8735034323323423,-0.3816750789331559,-1.6407225230587144,-1.6209083378653124,-1.5457543205890565,10.073230327123223
34,LS,828004,100888.0,134626.0,72338.0,12994.0,4214.0,337055.0,0.39941849253089257,203146.0,20940.0,567685.0,0.35784986392101253,12523.2,52633.0,119851.0,83193.0,325060.0,255677.0,0.7865532517073771,57267.0,192517.0,325060.0,0.17617362948378762,0.5922506614163539,154791.0,155375.0,763130.0,0.2028370002489746,0.20360226960019917,178414.0,624547.0,0.2856694532196936,25500.0,13.626773264273602,9.435338203050573,-0.9177455582938712,-1.0276417550658365,12.45167020807444,-1.7362852390881554,-0.5238253191581269,-1.595352576919482,-1.5915868470191816,-1.252919894538688,10.146433731146518
35,SL,790764,23299.0,60063.0,49373.0,12302.0,4956.0,217967.0,0.2755600618442241,122304.0,8603.0,276877.0,0.44172683177006394,3732.4,40483.0,40367.0,31822.0,149993.0,112672.0,0.7511817218136846,26331.0,97668.0,149993.0,0.1755481922489716,0.6511503870180608,83017.0,84473.0,385605.0,0.21529025816573955,0.2190661428145382,102415.0,303534.0,0.3374086593264675,30450.0,13.580754845721886,8.224806737359867,-1.2889496638261027,-0.8170636156318011,11.632236221954779,-1.7398416740625762,-0.42901465420776164,-1.5357681233561997,-1.5183815727809018,-1.0864604443315935,10.323841273138044
36,IP,787662,41568.0,104136.0,72532.0,17126.0,6502.0,329863.0,0.31569469749562695,183429.0,15257.0,411628.0,0.44561837387155395,3597.5,87221.0,76862.0,47809.0,241864.0,211892.0,0.8760791188436476,38681.0,161713.0,241864.0,0.15992872027254987,0.6686112856812093,111088.0,110597.0,570388.0,0.19475865551168678,0.1938978379629305,113780.0,464709.0,0.24484139536785385,25400.0,13.576824342811356,8.187994438761523,-1.152979679581967,-0.8082923572165712,12.263831989886318,-1.8330270613087218,-0.4025524255675393,-1.635994150999707,-1.6404238670642335,-1.4071446439146507,10.142504453006628
37,CB,785381,28562.0,59191.0,35473.0,7391.0,2594.0,163916.0,0.3611056882793626,90026.0,7005.0,251009.0,0.3586564625172803,2521.4,34845.0,39599.0,34011.0,133211.0,108455.0,0.8141594913332983,24655.0,79615.0,133211.0,0.18508231302219785,0.5976608538333922,72928.0,70127.0,334401.0,0.2180854722324395,0.20970930110854932,105287.0,275360.0,0.38236127251597907,30300.0,13.573924229338648,7.832569581797169,-1.018584598179865,-1.0253902775638637,11.594090619387737,-1.6869546176030283,-0.5147318199707281,-1.5228682185734235,-1.5620329877014298,-0.9613893777348398,10.31890299149746
38,NN,777710,54325.0,118661.0,89246.0,20632.0,7299.0,391651.0,0.3029763743741239,244133.0,23322.0,510486.0,0.4782364256806259,7607.1,87701.0,93849.0,73258.0,290163.0,254808.0,0.8781546923625686,42271.0,198060.0,290163.0,0.14568018665370844,0.6825818591619194,144797.0,146849.0,697982.0,0.2074509084761498,0.21039081237051957,137227.0,559094.0,0.245445309733247,24800.0,13.564108983029065,8.936837300697672,-1.1941004488753981,-0.7376500543774461,12.448265599361518,-1.9263415623053102,-0.3818728189512842,-1.572860552959295,-1.5587884665125291,-1.4046811275086983,10.118598932153073
39,DE,776331,57197.0,104924.0,66126.0,13524.0,4370.0,297190.0,0.35305360207274805,185892.0,17339.0,428235.0,0.4340887596763459,7273.4,73559.0,91994.0,53262.0,246141.0,218815.0,0.8889823312654129,35783.0,167367.0,246141.0,0.14537602431126875,0.6799639231172376,119098.0,119979.0,587504.0,0.20271861978812059,0.2042181840464065,113931.0,474015.0,0.24035315338122212,24700.0,13.562334254612058,8.891979136579787,-1.0411353863448833,-0.8345062504088667,12.295981902938808,-1.9284316221748812,-0.38571553645876705,-1.5959363708967687,-1.5885663270380153,-1.4256459647730757,10.114558522616068
40,NR,773596,64945.0,147086.0,87333.0,20214.0,7503.0,416215.0,0.353389474190022,217204.0,17813.0,543585.0,0.39957688310015915,6068.2,120911.0,94331.0,68506.0,327081.0,283748.0,0.8675159975663521,48539.0,218890.0,327081.0,0.14840054909945855,0.6692226084670159,137555.0,139485.0,748305.0,0.1838221046231149,0.18640126686311062,139955.0,621935.0,0.22503155474446687,23700.0,13.558805052477037,8.710817299714318,-1.0401845039486453,-0.9173490839808219,12.55584179929476,-1.9078402481245802,-0.40163852612003803,-1.693786811748144,-1.679853580277827,-1.4915146433021487,10.073230327123223
41,TW,772672,46674.0,94380.0,49663.0,11103.0,3920.0,244336.0,0.38627136402331214,124573.0,6712.0,383410.0,0.32490806186588767,9196.8,26738.0,62222.0,48448.0,205740.0,137408.0,0.6678720715466122,40834.0,128447.0,205740.0,0.19847380188587538,0.6243170992514825,118438.0,118379.0,519315.0,0.22806581747109173,0.22795220627172333,158026.0,417677.0,0.37834498907050185,28800.0,13.557609916692059,9.126610876444651,-0.9512151409125843,-1.1242130232388514,11.830709881238453,-1.617098167988876,-0.4710968678109355,-1.478121018566941,-1.4786192936166265,-0.97194883009344,10.268130666124037
42,EX,771878,40514.0,94957.0,55306.0,12910.0,5096.0,267569.0,0.3548878980748891,131705.0,11859.0,350944.0,0.3752877952037932,4916.2,67746.0,53095.0,51912.0,208783.0,172753.0,0.8274284783722813,35968.0,143049.0,208783.0,0.17227456258411844,0.6851563585157795,86093.0,89561.0,483987.0,0.17788287701942407,0.18504835873690823,105967.0,403547.0,0.2625889921124429,24000.0,13.556581785430602,8.50029115334088,-1.0359533194464814,-0.9800620934770845,12.059618107615162,-1.758665780798142,-0.37810820616042307,-1.72662993953619,-1.6871380894845855,-1.3371652368327196,10.085809109330082
43,EN,730485,24904.0,46826.0,26753.0,6615.0,2545.0,131332.0,0.3565467669722535,68092.0,4382.0,191049.0,0.35641118247151254,3192.9,14074.0,29789.0,29809.0,107643.0,73672.0,0.6844105050955474,16169.0,71033.0,107643.0,0.15020948877307397,0.6598942801668478,53505.0,58682.0,266372.0,0.20086570660579942,0.22030093253044614,51996.0,210786.0,0.2466767242606245,29500.0,13.501463976081165,8.068684873715108,-1.0312898640787242,-1.0316702076950097,11.207378087401203,-1.8957243673926918,-0.415675638357485,-1.6051187205582358,-1.5127607921803197,-1.3996766082537107,10.292145542327912
44,UB,729235,40066.0,65122.0,33146.0,8371.0,2930.0,169427.0,0.38436612818500004,96531.0,6099.0,316509.0,0.30498658805910733,4538.5,15519.0,50650.0,37745.0,149635.0,103914.0,0.6944498279145922,31765.0,87206.0,149635.0,0.21228322250810305,0.582791459217429,96282.0,94885.0,432905.0,0.2224090735842737,0.219182037629503,92471.0,339925.0,0.27203353680959036,28200.0,13.499751318440602,8.420351839966681,-0.9561597218324438,-1.1874874769182888,11.551318912957099,-1.5498339406774093,-0.5399258595086388,-1.5032369189475063,-1.517852672386842,-1.3018299231925194,10.247077256926206
45,RM,724653,59446.0,99982.0,50835.0,11963.0,4258.0,256270.0,0.39014320833495925,127994.0,9637.0,408053.0,0.3136700379607551,3632.0,23336.0,73543.0,76734.0,226484.0,173613.0,0.7665574610126985,30960.0,145551.0,226484.0,0.13669839812083856,0.6426546687624732,116966.0,124008.0,574798.0,0.203490617573478,0.21574187801627703,90767.0,449871.0,0.20176228296556123,28650.0,13.493448198571715,8.197538739721184,-0.9412414064013109,-1.1594136801074668,12.064583963197288,-1.9899782535298272,-0.4421477615920829,-1.5921353804524034,-1.5336725950747028,-1.60066509157597,10.262908722142885
46,SN,687478,34106.0,86227.0,66712.0,15563.0,5759.0,292164.0,0.2951321860325023,167689.0,13326.0,363939.0,0.4607612814235353,3421.4,64436.0,64165.0,52703.0,208367.0,181304.0,0.8701185888360441,30572.0,141329.0,208367.0,0.1467218897426176,0.6782695916339919,104354.0,104259.0,499182.0,0.20905000580950434,0.20885969446013677,112775.0,401956.0,0.2805655345361184,25800.0,13.440785108010852,8.137805103018191,-1.2203319347581052,-0.774875197819236,12.107930459378766,-1.9192163906317807,-0.3882104422959678,-1.5651817933895402,-1.5660925708249542,-1.2709479465978553,10.158129770909708
47,CR,658341,32322.0,49251.0,24485.0,5516.0,1996.0,123663.0,0.39826787317144174,56171.0,3507.0,206440.0,0.2720935865142414,6982.5,19350.0,32118.0,24825.0,113570.0,76293.0,0.6717707140970327,20609.0,71651.0,113570.0,0.18146517566258696,0.6308972439904904,60667.0,63288.0,285786.0,0.21228121741442899,0.22145241544372363,71634.0,225565.0,0.3175758650499856,30300.0,13.39747831315106,8.851162297819332,-0.9206304519235893,-1.3016092037969194,11.242336469944625,-1.7066915133141833,-0.4606122759926442,-1.5498433860924536,-1.507547541272444,-1.1470385441528852,10.31890299149746
48,WA,624040,68796.0,127072.0,87187.0,17123.0,5314.0,376186.0,0.3377903483914872,233181.0,19957.0,529742.0,0.440178426479305,5470.3,68464.0,117390.0,81194.0,305492.0,267048.0,0.8741570974035326,35490.0,208444.0,305492.0,0.1161732549461197,0.6823222866719915,145747.0,149191.0,720089.0,0.20240136983067372,0.2071841119639378,154336.0,583568.0,0.2644696076549777,25600.0,13.343969747861186,8.607088738519064,-1.0853298469778812,-0.8205751195430122,12.495183696505647,-2.152672625030992,-0.382253171657882,-1.5975025736536177,-1.5741474512475733,-1.3300289391819708,10.150347630467653
49,SG,618961,29326.0,81951.0,68027.0,16640.0,6515.0,297090.0,0.2758457033222256,164100.0,11169.0,356993.0,0.45967287873991924,1131.0,55565.0,59230.0,57002.0,202459.0,171797.0,0.8485520525143362,24015.0,138219.0,202459.0,0.11861660879486711,0.6827011888826874,102062.0,105007.0,491544.0,0.2076355321191999,0.21362685741256124,124337.0,394540.0,0.31514421858366704,28850.0,13.335797544835318,7.030857476116121,-1.287913615523395,-0.7772401756482203,12.054068826214518,-2.131858761794361,-0.381698013117076,-1.5719709856924857,-1.543524442850132,-1.1547249081582347,10.269865271936245
50,PR,608098,51033.0,106351.0,70109.0,15365.0,5336.0,316400.0,0.3361283185840708,189238.0,16815.0,439217.0,0.4308530862876437,5295.7,64564.0,95155.0,53208.0,248194.0,212927.0,0.857905509399905,34306.0,180555.0,248194.0,0.13822251948072878,0.7274752814330725,116527.0,116177.0,595455.0,0.19569404908851215,0.19510626327766162,129704.0,489034.0,0.26522491278724997,24600.0,13.31809133217005,8.57465044948669,-1.0902622913765563,-0.8419881140688115,12.268704662943916,-1.9788904324374936,-0.318175257925319,-1.6312028133791272,-1.6342109289587659,-1.3271770854623814,10.110501721920453
51,ME,607410,44919.0,94711.0,64108.0,14790.0,5539.0,291910.0,0.32445274228358056,172599.0,15300.0,404315.0,0.42689239825383674,4909.4,40894.0,72238.0,77594.0,224067.0,190726.0,0.851200756916458,35022.0,153418.0,224067.0,0.15630146340157186,0.6846969879544957,112457.0,113993.0,552380.0,0.20358629928672292,0.2063669937361961,89719.0,442048.0,0.2029621217605328,26350.0,13.316959295073671,8.49890701372892,-1.1256153858514935,-0.8512232922312112,12.15859312209582,-1.8559686788245644,-0.37877889193811876,-1.5916652888748954,-1.5780991722311648,-1.5947359096635074,10.179223553969509
52,CF,601326,102433.0,170176.0,95759.0,20496.0,6479.0,451803.0,0.37665973886848914,274873.0,28105.0,700069.0,0.39263701149458125,4737.1,69561.0,122026.0,141045.0,395343.0,332632.0,0.8413757167826419,64744.0,264392.0,395343.0,0.16376665326058637,0.6687661094290275,189568.0,192547.0,945603.0,0.200473137246815,0.20362350796264395,200861.0,770054.0,0.2608401488726765,24900.0,13.306892495740284,8.463180413108361,-0.9764130484975446,-0.9348697288002384,12.714792052778582,-1.8093127103365083,-0.40232089219621736,-1.6070750200303545,-1.5914825394648262,-1.343847515714021,10.1226230824528
53,PL,571186,46972.0,99732.0,57888.0,13357.0,4890.0,277624.0,0.3592340719822494,149648.0,13634.0,384497.0,0.3892045971750105,6927.0,59858.0,63241.0,59425.0,222839.0,182524.0,0.8190846306077482,39015.0,145344.0,222839.0,0.17508156112709175,0.6522377142241708,97144.0,100238.0,520835.0,0.18651588314917392,0.19245634413969875,101537.0,430896.0,0.23564154691619324,25100.0,13.25547017990322,8.843182098022606,-1.0237810918681252,-0.9436501168823628,12.11463695020773,-1.7425033500491398,-0.4273461911347712,-1.679238879185809,-1.6478859346634842,-1.4454434976065502,10.130623125119875
54,SK,563929,62972.0,123396.0,81289.0,16233.0,5213.0,357794.0,0.34488001475709484,210452.0,15441.0,488070.0,0.43119224701374803,2330.0,66261.0,102067.0,78837.0,289103.0,247165.0,0.8549375136197134,35523.0,204256.0,289103.0,0.12287316285199393,0.7065163626804287,133409.0,137853.0,668750.0,0.1994900934579439,0.20613532710280374,157999.0,543777.0,0.29055844583349427,25250.0,13.242683636031,7.753623546559746,-1.0645587057541877,-0.8412012395727677,12.417811408780945,-2.096602651983699,-0.3474089169269814,-1.6119907007375727,-1.57922239819158,-1.2359505324495164,10.136581434703507
55,DA,553000,37234.0,73406.0,40433.0,9420.0,3362.0,197325.0,0.3720055745597365,103256.0,8260.0,290585.0,0.35533836915188327,4387.7,17130.0,63885.0,46121.0,163855.0,127136.0,0.7759055262274572,22102.0,112095.0,163855.0,0.13488755301943792,0.6841109517561258,81919.0,85602.0,405500.0,0.20201972872996302,0.2111023427866831,67580.0,322171.0,0.2097643797858901,28000.0,13.223113280504473,8.386560450780784,-0.9888464394456344,-1.0346847909276475,11.753012658614326,-2.0033137882282315,-0.3796351643444591,-1.5993899193700263,-1.5554122261947352,-1.5617703791986037,10.239959789157341
56,AL,535222,13475.0,32229.0,21391.0,4484.0,1502.0,95052.0,0.339067036990279,49550.0,3417.0,133527.0,0.3710859975885027,2861.0,13732.0,19969.0,21912.0,73081.0,55613.0,0.7609775454632531,10627.0,45783.0,73081.0,0.14541399269303923,0.6264692601360135,38864.0,39204.0,184581.0,0.2105525487455372,0.21239455848651811,58668.0,147213.0,0.3985245868231746,31100.0,13.190436893079871,7.95892649305011,-1.081557441917628,-0.9913214438061125,10.926172265858327,-1.928170482660001,-0.4676555718737119,-1.5580200192679985,-1.5493096091208816,-0.9199860842280991,10.344963098167325
57,WD,530836,22829.0,57195.0,43706.0,10894.0,4464.0,197004.0,0.29032405433392217,101842.0,6147.0,249882.0,0.4075603684939291,3474.5,33249.0,40623.0,29799.0,139088.0,103671.0,0.7453626481076728,19171.0,95707.0,139088.0,0.1378336017485333,0.688103934199931,72620.0,74943.0,346592.0,0.20952589788569845,0.2162283030191118,92874.0,277215.0,0.33502516097613766,31200.0,13.18220840129561,8.153205862754382,-1.2367575511227447,-0.8975662137300064,11.548977702262725,-1.9817081057987962,-0.3738153853072239,-1.5629079296671369,-1.531420471063425,-1.0935496425860338,10.348173373797573
58,ST,524771,62235.0,113792.0,68010.0,15229.0,4961.0,317591.0,0.358297306913609,195492.0,20255.0,456080.0,0.42863532713559027,4461.8,66451.0,109778.0,59978.0,264227.0,236207.0,0.8939548191517143,33432.0,177455.0,264227.0,0.12652756909778334,0.671600555582889,123504.0,120706.0,616844.0,0.20021918021412222,0.1956831873212676,107870.0,506048.0,0.21316159731883141,24200.0,13.170717255938833,8.40330755103855,-1.0263921709885944,-0.8471487748512938,12.372463818208043,-2.067295057027612,-0.39809152652642965,-1.6083426114247024,-1.6312583187393621,-1.5457047280611242,10.094107912144779
59,AB,521343,49068.0,91497.0,56105.0,12533.0,4601.0,261998.0,0.3492278567011962,167164.0,15860.0,285002.0,0.5865362348334398,4243.0,63031.0,54100.0,29872.0,213804.0,147003.0,0.687559634057361,27823.0,139053.0,213804.0,0.13013320611401097,0.6503760453499466,128965.0,128355.0,487905.0,0.26432399749951324,0.26307375411196854,119481.0,406459.0,0.2939558479453032,28900.0,13.164163453446868,8.353025845202325,-1.0520306852854464,-0.5335208313248129,11.898208273715895,-2.039196690719285,-0.4302045520695645,-1.3305796650520472,-1.3353208522327928,-1.2243256999779506,10.271596874100524
60,CH,519441,19532.0,40646.0,27166.0,5849.0,1843.0,120631.0,0.3369448980776086,72926.0,6691.0,164731.0,0.44269748863298347,3725.4,28159.0,36884.0,17848.0,95036.0,82891.0,0.8722063218148912,12864.0,65409.0,95036.0,0.13535923229092134,0.6882549770613241,44204.0,44744.0,222007.0,0.19911083884742373,0.20154319458395456,49137.0,182457.0,0.26930728884065835,25150.0,13.160508512330678,8.222929507598902,-1.087835869186638,-0.8148686121018232,11.325281770694245,-1.9998230547499312,-0.37359590351252103,-1.613893630180167,-1.6017515553874158,-1.311902213653924,10.132613175527885
61,CT,499096,52360.0,88887.0,46600.0,10143.0,3590.0,228633.0,0.3887758984923436,123699.0,12054.0,340457.0,0.3633322269772688,4669.4,47889.0,58373.0,48492.0,201580.0,154754.0,0.7677051294771307,43166.0,128524.0,201580.0,0.21413830737176306,0.6375830935608692,83724.0,86963.0,471418.0,0.17760034618958123,0.18447110632177813,89259.0,386295.0,0.23106434201840562,24850.0,13.120553740999618,8.448785862751338,-0.9447521977917047,-1.0124376374483848,11.94959203835495,-1.5411331765899532,-0.45007066760286674,-1.728219499160307,-1.6902624330674614,-1.4650590703683226,10.120613031524774
62,YO,478989,57178.0,119445.0,73474.0,16606.0,5922.0,343460.0,0.3477697548477261,181774.0,16145.0,471631.0,0.38541571694820737,4941.0,88055.0,92777.0,54819.0,272625.0,235651.0,0.8643778083447959,45853.0,188318.0,272625.0,0.16819073819348923,0.6907583677212288,120039.0,121915.0,636707.0,0.18853098835099974,0.1914773985522383,148864.0,530873.0,0.2804135829096601,25600.0,13.07943291161997,8.50532301884575,-1.0562146421781982,-0.9534327429610286,12.370107175924456,-1.7826565972073638,-0.3699652012871221,-1.668492891170344,-1.652985500552635,-1.2714896838049952,10.150347630467653
63,SS,473254,48449.0,96547.0,60775.0,14804.0,5611.0,287420.0,0.33590912253844546,150663.0,12995.0,393524.0,0.38285593763023346,1518.0,54847.0,76756.0,48217.0,226186.0,179820.0,0.7950094170284633,31822.0,161110.0,226186.0,0.14068952101367901,0.7122898853156252,107295.0,109600.0,542618.0,0.19773579203048922,0.20198371598435733,81015.0,440335.0,0.18398492057183735,27400.0,13.067387521228136,7.325148957955575,-1.0909146242377499,-0.9600965025182364,12.099711629538763,-1.9611997951501006,-0.33927030813287024,-1.620823523054694,-1.5995681987692356,-1.6929014781454435,10.218298292376161
64,L,448029,188831.0,216982.0,101926.0,18975.0,5143.0,500435.0,0.4335867795018334,304419.0,33061.0,907003.0,0.33563174542972846,4364.4,70275.0,197120.0,168126.0,531857.0,435521.0,0.81886860565904,89421.0,317640.0,531857.0,0.16812977924517306,0.5972282023175403,238688.0,248263.0,1223166.0,0.1951394986453188,0.20296754487943583,229575.0,1006726.0,0.22804119492294825,24400.0,13.012613241444944,8.381236001780943,-0.83566331940033,-1.0917407158063253,12.984298294548406,-1.7830191022929767,-0.5154559901897664,-1.6340405985107231,-1.594709190163313,-1.4782289868616538,10.102338411281293
65,LL,433225,48331.0,98083.0,60758.0,14705.0,5638.0,289134.0,0.3392302531006385,159040.0,15759.0,382049.0,0.4162816811456122,3704.7,84354.0,69441.0,46348.0,227515.0,200143.0,0.8796914489154561,33243.0,152266.0,227515.0,0.1461134430696877,0.6692569720677758,96458.0,98035.0,526881.0,0.1830735972638983,0.18606668298913798,107469.0,433443.0,0.247942636055952,24000.0,12.979012502508446,8.217357562791886,-1.0810761894759804,-0.8763931297234384,12.20678739003945,-1.923371951661086,-0.40158717890299084,-1.6978670361487584,-1.681650158824249,-1.394557865798566,10.085809109330082
67,BR,419575,15750.0,37042.0,20667.0,4665.0,1639.0,99572.0,0.3720122122685092,38458.0,2123.0,136612.0,0.2815126050420168,2110.6,16699.0,27276.0,16827.0,79763.0,60802.0,0.762283264170104,9352.0,60885.0,79763.0,0.11724734526033374,0.7633238468964306,38318.0,40432.0,191455.0,0.20014102530620773,0.2111827844663237,52219.0,154526.0,0.33793018650583073,32500.0,12.94699757317638,7.65472754623699,-0.9888285965690515,-1.2675780542805086,11.015377962150081,-2.143469513614986,-0.27007289882578267,-1.6087330343879722,-1.5550312434159343,-1.0849159536325765,10.388995368317829
68,SY,418752,24722.0,61698.0,41268.0,10621.0,4384.0,195953.0,0.314861216720336,101186.0,8618.0,244802.0,0.4133381263224974,2648.0,59263.0,41443.0,26671.0,142693.0,127377.0,0.8926646717077923,22595.0,97389.0,142693.0,0.15834694063478938,0.682507200773689,61369.0,60889.0,334362.0,0.18354059372775614,0.18210502389625616,74473.0,277006.0,0.2688497722071002,25600.0,12.94503413822941,7.881559917056899,-1.155623319081403,-0.8834893131768706,11.754906472070058,-1.8429668264570076,-0.3819822013945196,-1.6953194167280476,-1.70317170396216,-1.3136025230130273,10.150347630467653
69,DN,416187,73214.0,120636.0,64873.0,13258.0,3985.0,307930.0,0.39176436203033155,192962.0,21385.0,473201.0,0.40778020333853904,6236.6,70359.0,111461.0,66022.0,275966.0,247842.0,0.8980888950088054,42779.0,183872.0,275966.0,0.15501547292057719,0.6662849771348645,129569.0,129314.0,649439.0,0.1995091147898417,0.1991164682133349,92611.0,526231.0,0.175989251868476,23450.0,12.938889957470668,8.738190441072021,-0.9370947372046584,-0.8970269670457823,12.420546725340538,-1.8642303417510573,-0.40603780636621367,-1.611895355526259,-1.6138653580561224,-1.7373323547378818,10.062625773874425
70,LU,414200,28485.0,55098.0,34730.0,7801.0,2716.0,159988.0,0.34438832912468437,97454.0,10808.0,241494.0,0.4035462578780425,3004.9,23121.0,48833.0,32799.0,128830.0,104753.0,0.8131103003958705,23087.0,84238.0,128830.0,0.17920515407901885,0.6538694403477451,71246.0,71273.0,335300.0,0.21248434237995825,0.21256486728303012,63407.0,262465.0,0.24158268721543824,27100.0,12.934104227943621,8.00799956854537,-1.0659853945617461,-0.9074641562617073,11.559360476992417,-1.7192240172532463,-0.4248475799499601,-1.5488869762502286,-1.5485080793968544,-1.4205434743655945,10.207289006867793
71,SA,412077,70494.0,138887.0,82690.0,20684.0,7412.0,399315.0,0.3478131299850995,221379.0,22580.0,541163.0,0.40908007384096845,6593.0,101077.0,110123.0,72261.0,320167.0,283461.0,0.8853535810998635,40899.0,218034.0,320167.0,0.12774270927359785,0.6810008526800077,137082.0,140453.0,740349.0,0.1851586211367882,0.18971187912727647,145026.0,609959.0,0.23776352181048235,23500.0,12.928965504073188,8.7937637591133,-1.0560899262359993,-0.8938443625393827,12.55482982654929,-2.0577371217922718,-0.3841917207335442,-1.686542409720914,-1.6622487834046216,-1.4364787051024765,10.06475570013225
72,TR,403502,25962.0,62076.0,38484.0,9528.0,3675.0,184303.0,0.3368149189107068,94149.0,7693.0,236142.0,0.39869654699291107,6032.0,51038.0,34364.0,33692.0,139725.0,119094.0,0.8523456790123457,24570.0,94923.0,139725.0,0.1758454106280193,0.6793558776167472,57921.0,61356.0,322332.0,0.1796936078329176,0.19035032202821936,69309.0,268156.0,0.2584652217366011,22900.0,12.907936723309348,8.704833909687792,-1.0882217015418392,-0.9195546852972147,11.687668376240632,-1.7381500186226742,-0.38661016852506525,-1.7165020571501863,-1.6588891043861131,-1.3529941328213537,10.03889218954233
73,CW,397186,20463.0,47513.0,34546.0,7529.0,2505.0,150307.0,0.31610636896485195,89609.0,7739.0,194649.0,0.4603619849061644,2870.0,35398.0,42206.0,24504.0,112556.0,102108.0,0.9071750950637905,14513.0,81169.0,112556.0,0.12894026084793347,0.7211432531362166,52902.0,54495.0,265497.0,0.19925648877388444,0.20525655657126068,56320.0,215709.0,0.2610924903457899,27000.0,12.892159963804884,7.962067308753666,-1.1516765113876133,-0.7757421752520671,11.533786355637558,-2.048406076083767,-0.3269174746973927,-1.6131623958501813,-1.5834945868418513,-1.3428805652924005,10.203592144986466
74,SP,390232,17134.0,50367.0,41899.0,11035.0,4444.0,187352.0,0.26883620137495196,99452.0,7429.0,220989.0,0.4500314495291621,2351.4,48101.0,36549.0,25106.0,124879.0,109756.0,0.8788987740132448,20948.0,81591.0,124879.0,0.16774637849438256,0.653360452918425,59298.0,60091.0,306459.0,0.19349407261656534,0.19608169445178636,73434.0,248726.0,0.2952405458215064,27650.0,12.874496713034613,7.762766174433641,-1.3136530016671781,-0.7984378108172308,11.606014999146957,-1.7853020920704938,-0.42562630671816426,-1.6425083994540148,-1.6292238981646412,-1.2199648453436582,10.22738100695048
75,BB,374568,50680.0,76553.0,37472.0,7202.0,2093.0,182379.0,0.41974679102308926,119084.0,13853.0,301710.0,0.3946968943687647,3926.2,24171.0,47618.0,84553.0,174000.0,156342.0,0.8985172413793103,30197.0,114614.0,174000.0,0.17354597701149424,0.6587011494252873,84644.0,84864.0,421091.0,0.20101118285596226,0.20153363524748807,67186.0,331158.0,0.20288200798410427,22950.0,12.8335286408905,8.275427315973934,-0.8681036280255043,-0.9296371646777983,11.95980119432394,-1.7513127175163705,-0.41748533834644397,-1.6043947363713769,-1.6017989872205594,-1.5951307103842645,10.04107321548869
76,WR,363935,25914.0,68497.0,55939.0,14767.0,6298.0,253261.0,0.27046011821796484,131709.0,9790.0,293014.0,0.4494972936446723,4017.8,66671.0,53160.0,28475.0,171415.0,148306.0,0.8651868272904938,22852.0,120799.0,171415.0,0.13331388734941516,0.7047166233993525,74178.0,76353.0,400778.0,0.18508500965621866,0.19051195424898573,100211.0,332375.0,0.30149981195938325,26600.0,12.80473055924453,8.298489768128048,-1.307630628837393,-0.7996254459013297,11.907032985837606,-2.01504887605805,-0.34995950959951055,-1.686940047791726,-1.6580403344210237,-1.198985886498729,10.188666494769791
77,NP,360672,57157.0,104373.0,65555.0,16273.0,5833.0,310128.0,0.3365481349636279,182704.0,18957.0,430284.0,0.4246125814578279,5621.8,61901.0,77927.0,81359.0,249191.0,221187.0,0.8876203394183578,28877.0,168586.0,249191.0,0.11588299737952013,0.6765332616346498,113022.0,116323.0,590471.0,0.19140990836129124,0.19700036072897736,109837.0,479546.0,0.22904372051899088,23450.0,12.795724237041805,8.634407176305052,-1.0890140941731339,-0.8565780988334972,12.306763776559691,-2.155174240178715,-0.3907736653447086,-1.6533380334803525,-1.6245497191342648,-1.4738423743537636,10.062625773874425
78,CO,354324,36419.0,79241.0,51703.0,12639.0,5149.0,243992.0,0.32476884488016,126430.0,10042.0,315964.0,0.40014052233798786,3101.8,66384.0,58914.0,31001.0,185151.0,156299.0,0.8441704338620909,29590.0,130281.0,185151.0,0.15981550194165842,0.7036472932903414,80661.0,82723.0,435210.0,0.18533811263527952,0.19007605523770135,80549.0,358297.0,0.22481070173626908,26400.0,12.777967027763431,8.039737867125352,-1.1246415962307892,-0.9159394877226353,11.959526118436445,-1.833735241959113,-0.3514780522174038,-1.6855734861317297,-1.6603309961918657,-1.4924965565073256,10.181119289134408
79,LA,343909,32518.0,67135.0,36621.0,7835.0,2733.0,176195.0,0.38102670336842703,91985.0,9415.0,243813.0,0.3772768474199489,5278.4,32967.0,48126.0,45045.0,146842.0,126138.0,0.8590049168494027,23715.0,104946.0,146842.0,0.16150011577069232,0.7146865338254723,61211.0,63197.0,331046.0,0.18490179612500982,0.19090096240401636,75974.0,276183.0,0.2750857221479961,23700.0,12.748132366476291,8.571378300474317,-0.9648858187302826,-0.9747760177432423,11.74513182469318,-1.8232494194732907,-0.3359112466498546,-1.6879304266015724,-1.656000506859181,-1.2906725129873813,10.073230327123223
80,TA,338460,26223.0,73791.0,52285.0,13851.0,5662.0,245765.0,0.3002502390494985,121572.0,9415.0,285654.0,0.4255917998697725,1262.4,62008.0,51082.0,38043.0,171812.0,151133.0,0.8796417013945476,24309.0,120557.0,171812.0,0.1414860428840826,0.7016797429748796,69635.0,72976.0,397521.0,0.17517313550730654,0.1835777229379077,85150.0,329311.0,0.25857016619548084,23200.0,12.732161195962076,7.1407699500916095,-1.2031390218541729,-0.8542746083635966,11.925915522827017,-1.955554203625387,-0.35427818563870234,-1.7419804483825452,-1.6951171429182559,-1.3525881859064215,10.0519075576544
81,IG,331651,36441.0,56323.0,26590.0,6343.0,2062.0,137624.0,0.40925274661396266,61213.0,3805.0,252645.0,0.24228858675216214,3223.4,11881.0,32291.0,42329.0,127759.0,86501.0,0.6770638467740042,26531.0,78558.0,127759.0,0.2076644306859008,0.6148921015349212,76602.0,78241.0,352999.0,0.21700344760183457,0.22164652024509984,84757.0,273527.0,0.309867033236207,25700.0,12.711838490176053,8.078191982088617,-0.8934223514181353,-1.4176257560570977,11.367911253546788,-1.5718318160833564,-0.4863084712264983,-1.5278420380018256,-1.5066714172371172,-1.171611998562098,10.154246270883311
82,FY,326722,34857.0,49781.0,22549.0,4478.0,1325.0,114137.0,0.43615129186854396,65767.0,7363.0,178299.0,0.3688579296574855,807.0,17380.0,42644.0,27969.0,112990.0,87993.0,0.7787680325692539,25208.0,75871.0,112990.0,0.22309938932648907,0.6714842021417825,46505.0,46771.0,246920.0,0.18834035315081807,0.18941762514174632,41192.0,205390.0,0.2005550416281221,24100.0,12.69686493538926,6.693323668269949,-0.8297660961250791,-0.9973437235570731,11.38501254484189,-1.5001379147661813,-0.39826478951780586,-1.6695045638312649,-1.663801044789193,-1.6066665480737172,10.089967119478747
83,WV,324896,53439.0,84043.0,51242.0,12353.0,4443.0,243291.0,0.34544228927498344,147253.0,13755.0,364403.0,0.4040938192056597,3681.0,50081.0,86612.0,34705.0,205520.0,171398.0,0.8339723627870766,25240.0,129243.0,205520.0,0.12281043207473726,0.628858505254963,99208.0,98938.0,499520.0,0.19860666239590005,0.19806614349775784,84038.0,405849.0,0.2070671604463729,22500.0,12.691260410100949,8.210939733379021,-1.062929685109926,-0.9061082022246308,12.051743616466302,-2.097113315128616,-0.4638489994870701,-1.6164289811265962,-1.6191542460030914,-1.5747120917373494,10.021270588192511
84,BD,314082,62415.0,87933.0,42382.0,7956.0,2523.0,207942.0,0.4228727241249964,132787.0,16203.0,371942.0,0.35700996391910567,5597.4,27031.0,72805.0,73479.0,203209.0,173315.0,0.8528903739499727,37549.0,130774.0,203209.0,0.18478020166429637,0.6435443312058029,107011.0,107743.0,529375.0,0.20214592680047225,0.20352868949232586,84489.0,406427.0,0.20788235033597668,24550.0,12.657409377294394,8.630057483194971,-0.8606840338053033,-1.0299915874544276,12.062866027064771,-1.6885882593650043,-0.4407643635561068,-1.598765432490037,-1.5919483037300073,-1.5707829826907989,10.108467133222666
85,FK,299714,29438.0,50176.0,29880.0,5901.0,1749.0,135490.0,0.3703299136467636,39046.0,3610.0,62304.0,0.6267013353877761,2799.0,27177.0,31169.0,24625.0,117144.0,82971.0,0.7082821143208359,10463.0,75182.0,117144.0,0.0893174212934508,0.6417912995970771,67458.0,69920.0,269845.0,0.24998795604884286,0.25911171227927143,51747.0,221295.0,0.23383718565715447,26200.0,12.610583965593765,7.937017489515454,-0.9933610121303971,-0.4672851909291787,11.326246428134814,-2.415558722854046,-0.4434921066508739,-1.3863425380850105,-1.350495988733408,-1.4531301935870384,10.173514689749188
86,BL,297342,35577.0,53944.0,30513.0,5486.0,1498.0,137998.0,0.39090421600313047,88766.0,8803.0,219592.0,0.4042314838427629,1317.8,22993.0,41162.0,45731.0,127018.0,109886.0,0.8651214788455179,17391.0,82356.0,127018.0,0.13691760222960525,0.6483805444897573,60712.0,62141.0,303245.0,0.20020775280713615,0.20492011409916075,57046.0,240987.0,0.2367181632204227,23900.0,12.602638270451305,7.183718958479719,-0.9392927208662798,-0.9057675853024213,11.607198743742073,-1.9883759776732792,-0.4332774949844868,-1.6083996875404518,-1.5851350631127312,-1.440885030212181,10.081633737919603
87,LN,297131,22713.0,53229.0,31236.0,6809.0,2345.0,146623.0,0.36303308485026226,80808.0,7224.0,200076.0,0.4038865231212139,2062.8,49582.0,33238.0,21192.0,116332.0,104012.0,0.8940962074063886,18402.0,79647.0,116332.0,0.15818519409964585,0.6846525461609875,49042.0,50960.0,268908.0,0.18237464114120813,0.18950719205081293,52091.0,225296.0,0.23121138413464953,23200.0,12.601928397979854,7.631819562176804,-1.0132613060323543,-0.9066213238394392,11.552261556082602,-1.843988817790415,-0.3788438012872903,-1.7016922398384056,-1.663328302405106,-1.4644229040594117,10.0519075576544
88,DT,292318,16155.0,40393.0,26153.0,6451.0,2435.0,123054.0,0.32825426235636385,62112.0,4847.0,151946.0,0.40877680228502233,3100.2,29996.0,23567.0,22676.0,91587.0,76239.0,0.832421631890989,14147.0,62284.0,91587.0,0.1544651533514582,0.6800528459279155,37582.0,37837.0,210269.0,0.178732956355906,0.17994568861791324,47286.0,175199.0,0.269898800792242,25600.0,12.585597529771242,8.039221904521193,-1.1139667807917966,-0.894585987580876,11.24162842176777,-1.8677867527341128,-0.385584769231732,-1.721862451011899,-1.7151002035220337,-1.309708202123877,10.150347630467653
89,TS,289527,78191.0,108429.0,59823.0,12262.0,3574.0,280593.0,0.38642802920956687,174881.0,19980.0,451319.0,0.3874886720922452,5145.1,52952.0,107052.0,74834.0,262279.0,234838.0,0.895374772665749,36086.0,169627.0,262279.0,0.1375863107606785,0.6467425909051049,118921.0,124952.0,616681.0,0.1928403826289443,0.2026201553153089,102804.0,499050.0,0.20599939885782986,23250.0,12.576003835895053,8.545800084425233,-0.9508096399123933,-0.9480686639263719,12.366651193705135,-1.9835038441828123,-0.4358069138685835,-1.6458924652683793,-1.5964222088219628,-1.5798820283626882,10.054060411015502
90,WF,284089,68559.0,115781.0,66674.0,12520.0,3746.0,303336.0,0.3816922488593507,197001.0,21497.0,467383.0,0.4214980005691264,5578.0,57211.0,109324.0,69416.0,267280.0,235951.0,0.8827858425621071,34069.0,175156.0,267280.0,0.1274655791679138,0.6553277461837773,130143.0,131336.0,637315.0,0.20420514188431152,0.20607705765594722,101168.0,513206.0,0.19712941781662724,24300.0,12.557042848331688,8.626585568187433,-0.9631406263290697,-0.8639402451597189,12.371379435331608,-2.0599089181418706,-0.4226197926400421,-1.5886301929402367,-1.5795051138469027,-1.623894822705283,10.09823162932864
91,KA,274678,48568.0,71115.0,37109.0,7496.0,2127.0,177242.0,0.4012310851829702,98089.0,10004.0,158657.0,0.6182456494198176,3242.7,37882.0,45475.0,40453.0,166415.0,123810.0,0.7439834149565845,15293.0,106641.0,166415.0,0.09189676411381185,0.6408136285791545,84563.0,90808.0,370770.0,0.2280740081452113,0.24491733419640208,63310.0,306763.0,0.20638082167666896,24400.0,12.523354781508163,8.084161595090267,-0.9132177453799389,-0.48086940953247526,11.726503411414738,-2.3870894611891442,-0.4450166153843082,-1.4780851055698268,-1.4068345368167154,-1.5780321679250888,10.102338411281293
92,DH,269764,21800.0,34730.0,18711.0,3636.0,1033.0,87679.0,0.3961039701638933,55481.0,6175.0,144100.0,0.3850173490631506,4540.9,13364.0,33227.0,27448.0,79910.0,74039.0,0.9265298460768364,10585.0,52609.0,79910.0,0.13246151920911026,0.658353147290702,37022.0,37042.0,189449.0,0.19541934768724037,0.1955249169961309,38445.0,158319.0,0.2428325090481875,23700.0,12.50530278168095,8.420880509274323,-0.9260785512691949,-0.9544668832079469,11.212347260383366,-2.021463096799543,-0.4180137936175012,-1.632607528475603,-1.6320674550124863,-1.4153833364688437,10.073230327123223
93,DL,266680,39709.0,67861.0,37083.0,7753.0,2446.0,176269.0,0.3849854483771962,105430.0,11665.0,260151.0,0.4052646347698068,3451.6,33861.0,53941.0,54392.0,154852.0,142194.0,0.9182574329036758,23773.0,99888.0,154852.0,0.15352078113295275,0.6450546328106838,68650.0,70277.0,354007.0,0.1939227190422788,0.19851867335956633,63364.0,290177.0,0.21836327482881138,26200.0,12.493804716731995,8.146593170634153,-0.9545497418315225,-0.9032150060762569,11.864947601368256,-1.873919339144564,-0.43842026374131127,-1.6402955547355906,-1.6168721109390325,-1.5215952047968515,10.173514689749188
94,WS,263606,45627.0,82437.0,55433.0,13180.0,4409.0,252290.0,0.3267549248880257,154788.0,13969.0,361223.0,0.42851091984729656,2879.8,54249.0,84965.0,34656.0,201086.0,173870.0,0.8646549237639617,21878.0,135909.0,201086.0,0.10879922023412868,0.6758749987567508,98015.0,98617.0,497508.0,0.19701190734621352,0.19822193813968822,81985.0,400223.0,0.20484829707438104,26150.0,12.482210843111687,7.9654761262741705,-1.1185448542485439,-0.8474390573780043,12.066063172521835,-2.2182511115517065,-0.39174713311943427,-1.6244911086889817,-1.6183679763312258,-1.5854855880607592,10.171604469493069
95,HR,250991,10610.0,23959.0,15545.0,3880.0,1556.0,73755.0,0.3248457731679208,40424.0,3757.0,95238.0,0.4244524244524244,1763.6,18980.0,17256.0,11294.0,55550.0,47530.0,0.8556255625562557,8580.0,36685.0,55550.0,0.15445544554455445,0.6603960396039604,25870.0,25510.0,130811.0,0.19776624290006192,0.1950141807646146,26347.0,107543.0,0.2449903759426462,25000.0,12.433172360897354,7.475112453483782,-1.1244047533827894,-0.8569553538285519,10.769116369608055,-1.867849602585768,-0.4149155639196814,-1.620669537148461,-1.6346830011926787,-1.406536351075713,10.126631103850338
96,DY,248901,37672.0,66930.0,42282.0,9699.0,3276.0,195097.0,0.34306011881269316,118995.0,10589.0,278500.0,0.42727109515260325,2059.6,36470.0,70934.0,28854.0,159859.0,136258.0,0.8523636454625639,17507.0,105692.0,159859.0,0.10951526032315978,0.6611576451748103,75743.0,76898.0,384507.0,0.19698731102424663,0.1999911575081858,59372.0,310032.0,0.19150281261289157,24200.0,12.424810506025395,7.630267068171986,-1.0698495736684095,-0.8503365839452627,11.822305426398128,-2.211691375753973,-0.41376297259639905,-1.6246159633630624,-1.609482125870571,-1.652852783195708,10.094107912144779
97,KW,246044,5414.0,11673.0,6182.0,1524.0,659.0,31676.0,0.36851243843919684,5737.0,669.0,11042.0,0.5195616736098533,1160.0,12288.0,7550.0,3495.0,25452.0,23333.0,0.9167452459531668,2375.0,17477.0,25452.0,0.09331290271884331,0.6866650950809366,12710.0,12661.0,55611.0,0.2285519051986118,0.2276707845570121,10667.0,46245.0,0.23066277435398422,23800.0,12.413265660709255,7.05617528410041,-0.9982808136776399,-0.6547697582421189,10.057623946547059,-2.3717968878839413,-0.37590859458632164,-1.4759919382136992,-1.4798546208769459,-1.4667984863628776,10.077440859659566
98,HU,239542,57698.0,80661.0,38952.0,7451.0,2275.0,191074.0,0.42214534682897725,116955.0,12991.0,318160.0,0.3675980638672366,1505.0,31937.0,59505.0,70719.0,187037.0,162161.0,0.8669995776236787,31676.0,113695.0,187037.0,0.16935686521918122,0.6078743777969065,86123.0,85375.0,430615.0,0.2,0.1982629495024558,72676.0,353061.0,0.20584544880346456,22200.0,12.38648404580287,7.316548177182976,-0.8624056004810254,-1.0007651554697623,11.996344947855757,-1.7757471618970888,-0.49778703382950035,-1.6094379124341003,-1.6181611015463748,-1.5806296402966973,10.00784756786037
99,PH,231057,17050.0,37877.0,22793.0,4890.0,1628.0,105672.0,0.3584393216746158,39818.0,3829.0,69933.0,0.5693735432485378,3555.0,33958.0,19964.0,11671.0,84238.0,65593.0,0.7786628362496736,12406.0,54762.0,84238.0,0.14727320211780906,0.650086659227427,43828.0,44230.0,191246.0,0.22917080618679606,0.23127281093460778,46625.0,158111.0,0.29488776871944394,24700.0,12.350419712312108,8.176110342237342,-1.025995889405651,-0.5632185694808903,11.091224261921477,-1.9154658993025475,-0.43064960309067807,-1.4732876749120962,-1.4641572655750077,-1.2211604400487177,10.114558522616068
100,TF,225627,16980.0,41773.0,32036.0,8115.0,3153.0,144343.0,0.28940094081458745,84444.0,7759.0,185274.0,0.45577900838757734,702.8,40076.0,36140.0,16931.0,102057.0,93147.0,0.9126958464387548,14480.0,69330.0,102057.0,0.14188149759448151,0.6793262588553456,49652.0,49562.0,251882.0,0.19712405015046727,0.19676673998141986,51127.0,203818.0,0.2508463433062831,24200.0,12.326638472295922,6.555072356312942,-1.2399422138757756,-0.7857472176681748,11.441934169391944,-1.95276309377239,-0.3866537677755613,-1.6239220522243432,-1.625736312806248,-1.3829147053704693,10.094107912144779
101,CA,221658,28898.0,57280.0,33638.0,7405.0,2418.0,157635.0,0.36337107875789004,89761.0,10448.0,216519.0,0.4145640798267127,3733.7,33222.0,45934.0,37075.0,129639.0,116231.0,0.8965743333410471,15221.0,89556.0,129639.0,0.11741065574402765,0.6908106356883346,56924.0,58079.0,293067.0,0.19423544786687003,0.19817652618684464,55830.0,243197.0,0.22956697656632277,25350.0,12.308890932461184,8.225154978078082,-1.0123307113332793,-0.8805277208748277,11.663334869231475,-2.1420776112774456,-0.3698895366377246,-1.638684206996876,-1.6185970990808278,-1.4715604551673438,10.14053400901933
102,PA,218383,53031.0,67954.0,34169.0,6758.0,1989.0,165339.0,0.4109980101488457,73581.0,8196.0,125304.0,0.5872198812488029,3996.0,36867.0,35802.0,28599.0,163901.0,101268.0,0.6178607818134118,17111.0,106242.0,163901.0,0.10439838683107486,0.6482083696865791,84050.0,87404.0,354904.0,0.23682460609066114,0.2462750490273426,69499.0,294544.0,0.23595456026943343,25300.0,12.294005680995449,8.293049139768444,-0.889166905984616,-0.5323559445424517,11.525525746945966,-2.259541055462607,-0.43354307616030546,-1.440435470514813,-1.4013062821648172,-1.4441160337261838,10.138559674715612
103,OL,208958,62676.0,87486.0,45167.0,8253.0,2355.0,213138.0,0.41046645835092754,140033.0,15475.0,361921.0,0.3869159291668624,2438.4,31238.0,66845.0,80371.0,205937.0,178454.0,0.8665465652116909,26803.0,130755.0,205937.0,0.13015145408547274,0.6349271864696485,99836.0,103247.0,503189.0,0.19840656294155873,0.20518532797815534,79804.0,394873.0,0.20210042216104926,23200.0,12.249888553814598,7.799097365492327,-0.8904610626827812,-0.9495478468467234,12.092086143909453,-2.0390564752223157,-0.45424495364113726,-1.6174370053359401,-1.583841669322961,-1.598990565702654,10.0519075576544
104,IV,188733,19203.0,43469.0,23870.0,5098.0,1710.0,114223.0,0.38056258371781515,62851.0,7213.0,112631.0,0.5580257655530005,2069.0,36946.0,26953.0,15568.0,93350.0,79467.0,0.8512801285484735,11702.0,62302.0,93350.0,0.12535618639528656,0.667402249598286,50509.0,51893.0,215217.0,0.23468870953502743,0.24111942829795044,45339.0,176005.0,0.25760063634555835,25300.0,12.148088596829899,7.634820677745543,-0.9661046376289634,-0.5833501428406848,11.283097120127296,-2.076596102621687,-0.40436234198087384,-1.4494952832259282,-1.4224629151338428,-1.356344814469437,10.138559674715612
105,SR,186823,46418.0,54564.0,25023.0,4849.0,1374.0,125268.0,0.43557812050962735,80602.0,10370.0,224785.0,0.35857374824832616,3676.1,15964.0,58879.0,41839.0,132228.0,116682.0,0.8824303475814502,16501.0,80569.0,132228.0,0.12479202589466679,0.6093187524578758,59548.0,61694.0,303206.0,0.19639453045124436,0.20347222680289967,45467.0,250359.0,0.18160721204350552,23100.0,12.137916923535784,8.209607686587615,-0.8310811175832878,-1.0256209267141065,11.667207564732937,-2.0811067201629725,-0.49541374514914077,-1.6276297324758136,-1.592225761040435,-1.7059090997075645,10.047587896509885
106,SM,184457,20327.0,42497.0,25069.0,6029.0,2347.0,121214.0,0.3505948157803554,59577.0,3504.0,172480.0,0.34541396103896105,3225.1,16951.0,26491.0,22180.0,96269.0,65622.0,0.6816524530222605,13711.0,67758.0,96269.0,0.14242383321733892,0.7038402808796186,50463.0,52402.0,237406.0,0.21255991845193467,0.22072736156626202,58713.0,190946.0,0.30748483864548093,30200.0,12.12517165296885,8.07871923650108,-1.0481240933118134,-1.063011694170495,11.091666284563281,-1.9489479259094493,-0.35120382231437897,-1.54853136117793,-1.5108269971181345,-1.179329498169055,10.31559720336296
108,TQ,173577,27076.0,59917.0,36891.0,8983.0,3591.0,176782.0,0.33893156543086966,88061.0,7475.0,221153.0,0.39819039307628656,1036.0,42877.0,33682.0,31101.0,136458.0,107660.0,0.7889607058582128,25561.0,95046.0,136458.0,0.1873177094783743,0.6965220067713143,52916.0,56181.0,306858.0,0.17244458348812805,0.18308468412099407,67660.0,257112.0,0.26315380067830363,23000.0,12.06437658395175,6.943122422819428,-1.0819570638658986,-0.9208250135187991,11.58673339211495,-1.6749491225956339,-0.3616558900355629,-1.7576793492654965,-1.6978064784191491,-1.3350166242758041,10.043249494911286
109,HD,171128,22959.0,34706.0,20300.0,3937.0,1240.0,92633.0,0.37466129780963586,58265.0,5432.0,142998.0,0.4074532510944209,2303.0,17567.0,24748.0,30494.0,83142.0,72809.0,0.8757186500204469,14074.0,55911.0,83142.0,0.16927665920954513,0.6724760049072671,40330.0,40120.0,195367.0,0.206431997215497,0.2053570971556097,43200.0,157121.0,0.2749473335836712,24100.0,12.05016709348164,7.741967899820685,-0.9817328669888653,-0.8978290741228895,11.195594852917294,-1.7762208658002758,-0.3967888485779953,-1.5777842321210238,-1.5830048779125658,-1.2911757138979556,10.089967119478747
110,WN,168540,38991.0,70633.0,43279.0,8641.0,2495.0,194132.0,0.36384006758288173,125869.0,12146.0,286030.0,0.44005523896094817,1904.4,32550.0,71277.0,45286.0,164039.0,149113.0,0.9090094428763892,18061.0,113766.0,164039.0,0.11010186601966605,0.693530197087278,77936.0,78757.0,384819.0,0.202526382533087,0.20465985307378273,65397.0,312817.0,0.2090583312288015,23800.0,12.034928389326344,7.551922277320363,-1.0110408826710777,-0.8208550168566408,11.912459686757519,-2.2063492869896226,-0.36596049715102746,-1.5968851168077716,-1.5864059312277103,-1.5651419691690656,10.077440859659566
111,TD,165006,13552.0,30911.0,17813.0,3994.0,1534.0,85518.0,0.3614560677284314,9233.0,964.0,24458.0,0.37750429307384087,1739.0,20600.0,18698.0,13513.0,67804.0,52811.0,0.7788773523685918,9990.0,41619.0,67804.0,0.14733644032800425,0.6138133443454663,31266.0,32582.0,148054.0,0.21117970470233832,0.22006835343861023,31625.0,123388.0,0.2563053133205822,24500.0,12.013737115857941,7.461065514354283,-1.017614772490591,-0.9741733379766873,10.874474781329312,-1.9150365975957777,-0.48806439648954175,-1.5550458269268492,-1.5138170834380043,-1.3613859149624508,10.106428396532818
112,HG,156783,10887.0,26785.0,17925.0,3641.0,1257.0,79201.0,0.3381901743664853,43815.0,3774.0,100927.0,0.4341256551765137,1051.0,17289.0,19282.0,12494.0,60495.0,49065.0,0.8110587651872055,10896.0,42361.0,60495.0,0.1801140590131416,0.7002396892305149,27558.0,28333.0,139596.0,0.19741253331041003,0.20296426831714376,37750.0,114658.0,0.32924000069772713,26900.0,11.962617962653402,6.957497370876951,-1.0841468956703721,-0.8344212587304085,10.800901228640594,-1.7141649675862844,-0.3563325893622987,-1.6224596620509184,-1.5947253335755098,-1.1109683087584885,10.19988156558993
113,HX,100214,21222.0,33722.0,18712.0,3532.0,1098.0,86616.0,0.3893276069086543,55397.0,5806.0,132801.0,0.4171429432007289,1345.4,11573.0,22450.0,32571.0,78286.0,66594.0,0.8506501801088318,12621.0,52361.0,78286.0,0.1612165649030478,0.6688424494801114,37455.0,37925.0,182154.0,0.20562271484568004,0.20820294915291457,33903.0,145801.0,0.2325292693465751,25000.0,11.515063178431776,7.2044466455915055,-0.9433341126528082,-0.8743263264720269,11.106369762380034,-1.8250066942445853,-0.40220674811324425,-1.5817122707367512,-1.5692419579020016,-1.458739172215476,10.126631103850338
114,DG,79878,13900.0,28970.0,16083.0,3733.0,1298.0,78148.0,0.37070686389926805,40050.0,4018.0,68289.0,0.5864780564951896,4163.0,23071.0,18496.0,12966.0,63984.0,54533.0,0.8522911977994498,8713.0,41370.0,63984.0,0.1361746686671668,0.6465678919729932,30735.0,32280.0,142360.0,0.21589631919078392,0.22674908682214104,25741.0,118749.0,0.2167681412053996,23800.0,11.288255749659973,8.333991247194975,-0.99234365294813,-0.5336200259189929,10.906561301994556,-1.9938168888553127,-0.4360770716311424,-1.5329569902830191,-1.483911217240244,-1.5289269703744743,10.077440859659566
116,ZE,34014,1901.0,4206.0,2864.0,680.0,299.0,13287.0,0.31655001128923005,7933.0,1089.0,12631.0,0.6280579526561634,644.0,5584.0,2627.0,766.0,9950.0,8977.0,0.9022110552763819,854.0,6506.0,9950.0,0.08582914572864321,0.6538693467336684,5731.0,5409.0,23167.0,0.24737773557215004,0.23347865498338152,4979.0,18696.0,0.26631364997860507,27300.0,10.434527483552358,6.467698726104354,-1.150274036328663,-0.46512283547197236,9.10242102975669,-2.4553966363640685,-0.42484772311934166,-1.3968388167187318,-1.4546646193990422,-1.3230805295765111,10.21464198117305
118,LD,24802,2530.0,6376.0,3820.0,977.0,384.0,18697.0,0.3410172754987431,8432.0,634.0,22444.0,0.3756906077348066,682.0,6036.0,3451.0,2750.0,14087.0,12237.0,0.8686732448356641,2431.0,9128.0,14087.0,0.17257045502945978,0.6479733087243558,5312.0,5457.0,31379.0,0.1692851907326556,0.173906115554989,6700.0,26083.0,0.2568722922976652,22700.0,10.118679574062718,6.525029657843462,-1.0758221416952232,-0.9789893260897191,9.412219427985669,-1.7569496909441835,-0.43390577371839534,-1.7761704671914913,-1.7492396911615293,-1.3591762347208576,10.030120203469494
